,RACLGOBE Index,LKXIP Index,RACLCORP Index,IPSA Index,SPLPEQTY Index,LEGATRUU Index,LF98TRUU Index,NDDUWI Index,NDUEEGF Index
2005-11-30,-0.0028882043795495083,-0.002922935298128926,0.003604540154793723,-0.02794712804988575,-0.019189189022453923,-0.06419239980176417,-0.05258190217076175,-0.02609909258586851,0.020464650888065927
2005-12-31,0.00771002653340247,0.004058438822923449,0.008683196194897214,-0.03121287709492926,0.03796510303038425,0.001967793788291816,0.0006946691555227424,0.014154766310013445,0.05081770856560541
2006-01-31,0.019660834898290513,0.006913364797652477,0.03171231412882847,0.08131721862279573,0.07367218378888096,0.03876627124865628,0.04219320673685156,0.07163270799843935,0.14040644277445868
2006-02-28,-0.0020211523884811067,0.0035154542301853997,-0.007143353888539594,0.02303594632015704,-0.01530920753366427,-0.019050560841539,-0.0089877374460261,-0.017024406259214087,-0.016727389113352698
2006-03-31,0.004260835897129223,0.004195168510219283,0.0016721210734871317,0.0073696631401101165,0.04617119651979418,0.011220920693244318,0.0274612364773148,0.04380366383327283,0.030342865400040164
2006-04-30,-0.0021664593062540316,-0.0002780270387124917,-0.0028747049110686707,0.005058034423841784,-0.0199183661035246,-0.007210070359409015,-0.01965027309247802,0.003928593826448612,0.043734018763908145
2006-05-31,-0.005418607910296913,-0.0019513448637186182,-0.006933714271219693,-0.026351667131143452,-0.013957197725176673,0.04356294483779233,0.030135964908021506,-0.004918657397722015,-0.07768702875612687
2006-06-30,-0.0007265971527319337,0.0006662896176170552,-0.0018493455792542024,-0.017234321087047144,0.005481524241537805,-0.0014146528117975343,0.0030514237263865596,0.00628769592888867,0.004122166084455925
2006-07-31,0.00862572749247792,-0.0007046459448488696,0.01870538556840673,-0.0022303281209070658,-0.005037518562195364,0.009557427911999872,0.009384708296451327,0.005837841901071172,0.013708863012274142
2006-08-31,0.0036518482249967565,-0.0009066970799084251,0.013549479297958023,0.029639698373697287,0.028524079924132417,0.0038894935210778137,0.008516885433783594,0.018182421582865427,0.01770721135533293
2006-09-30,0.005167485542433514,0.0005980147606992059,0.015801273638738067,0.029931891541613576,0.0026015523639373317,-0.012764955192417493,0.001306630830423261,-0.000918869342929618,-0.0044726470162020915
2006-10-31,0.012432037312820166,0.0035333509322506007,0.021036455073962568,0.04281603747101048,0.03371247915149822,-0.010050377942267041,-0.006198317671404219,0.01645076458885031,0.027034128943847824
2006-11-30,0.0064832957486133935,0.00619176947328981,0.015923780255717057,0.07763790909888857,0.056188674062715105,0.029482567191839948,0.021894187401975795,0.02961690404530004,0.0796995456279892
2006-12-31,0.00399053794767501,0.006583432827226288,0.0020696062671667903,0.054675702712746466,0.038751686557983556,-0.00010587684277485465,0.024452760620258696,0.03392908489046276,0.058956465079675446
2007-01-31,0.0005169520065104738,0.0042510879691515235,-0.0014362835478103353,0.0748318037537512,0.048659710223711405,0.013384676318786592,0.034870847957481965,0.035525528341040724,0.012637821379820169
2007-02-28,0.003095585712877824,0.0014095601830439453,0.0035368634228654106,-0.031149070072921115,0.015449577717092433,0.008212775457618005,0.00169880904441011,-0.01725690661680579,-0.017980148003439167
2007-03-31,0.006496636338797268,0.004416317718756613,0.0043370939254949725,0.04222558800578624,-0.003391816705090478,0.0017451809826452003,0.00044137083411088796,0.017676854220501692,0.03903327578161653
2007-04-30,0.0003177515549210863,0.001638927654439959,0.006363993462250361,0.0768974769222246,-0.008368577180705161,-0.015833036461836647,-0.0141865471149486,0.016096524713896887,0.01933918613100416
2007-05-31,-0.013053932134382329,-0.0013963873822175898,-0.02271794152757778,0.03179399421104301,0.0019817444768983616,-0.021513670781024063,0.0014150284508402944,0.0218256159851411,0.042236314063082814
2007-06-30,-0.003331735471250097,-0.0019652708529582785,-0.007302104376621932,0.05188367351579615,-0.03329693011401513,-0.006980649341406631,-0.020470898708612073,-0.010250681602977152,0.04419827168740054
2007-07-31,0.0018995450460927987,-0.004022973680135933,0.00937515931816102,-0.04520657339220924,-0.0786236973647989,0.0023276682160671136,-0.05240924191446983,-0.03937855506454613,0.0342097236732164
2007-08-31,0.005452740149327395,-0.005998406457727534,0.01552238209987733,-0.019286076441347166,-0.033005503964909866,0.0049826112900912545,0.006295735065572128,-0.007994145194583746,-0.028337837015426137
2007-09-30,-0.001953814198425885,-0.006545082846780792,-0.0020986708244576935,-0.029046852258122313,-0.012400752732966924,-0.01306261230405259,-0.009462869713928512,0.011177270161960795,0.07187913757140607
2007-10-31,0.0031433815882440097,-0.006764707782071611,0.004381885401042673,0.05055983651158269,-0.0039586721504712985,-0.027594267643604176,-0.0374530954663892,-0.013842653504037572,0.06351464388163897
2007-11-30,-0.00018195007996868462,-0.0009165925043255196,0.00518903897814349,-0.07636868144844933,-0.07910743371307538,0.03604058209957528,-0.005440256089976447,-0.024942402538409403,-0.05547238304198154
2007-12-31,-0.0009921413669974344,-0.0014445252170069978,-0.004647535848308015,-0.05385455246337634,-0.0839972613958836,-0.02380517242721525,-0.018029245168311392,-0.03351783537828523,-0.017432810722724845
2008-01-31,0.004964120653689896,-0.00047994488182723227,0.009827323102477914,-0.0916704859571208,-0.14550457501087166,-0.04531885271809888,-0.08352023667947561,-0.14210650831163096,-0.1870412540787061
2008-02-29,0.010678830691264407,0.0035079380658522563,0.009168029716926318,0.015918217166055904,-0.008680765125545387,-0.007547318586211826,-0.03719042388140059,-0.0295250946957325,0.04817613360531037
2008-03-31,0.0042573695958010305,0.0025841718459813645,0.0068098213916227834,0.02008575891075637,-0.07990920933115153,-0.026248238772667354,-0.049003729660482054,-0.054862253120220195,-0.0962163610752984
2008-04-30,-0.004567969883810585,-0.001498314425334324,-0.00856698466474426,0.023197225706349744,0.08658371122980202,0.03776816892863977,0.10355715378704367,0.11356671736764823,0.14381901894293292
2008-05-31,-0.01349123636473637,0.0002889088342736823,-0.024953604816284614,0.01457033401514396,0.0327363116440158,0.01937895528590028,0.03449940835649645,0.0464948443254245,0.0499013918743898
2008-06-30,-0.009479095356663358,-0.004079347996953642,-0.004235376002207802,-0.02536769300210784,-0.07437018147657137,0.08949559803931195,0.05813691879141203,0.0017466034705311273,-0.020020666101166373
2008-07-31,0.0022851782015460564,-0.008654522392629205,0.002067207626361922,-0.009147863600679207,-0.025637757566860486,-0.055311111202886565,-0.06917837603628652,-0.07966132233315804,-0.09219507550966477
2008-08-31,-0.0053142404792942965,-0.005848481171047193,0.00310664566779173,-0.05120447983406151,-0.03169638305734457,-0.012895924930485858,0.007207332410347211,-0.010407336302720283,-0.0764770753879983
2008-09-30,0.00888500505900569,-0.003033568128843256,0.005667341695990924,-0.05795442985145671,-0.03968025460358471,0.04077045550372982,-0.0191799811884501,-0.06092042462550096,-0.12067842837010145
2008-10-31,0.0028646824077667166,-0.0025228921057176557,-0.04376624807599394,-0.10518410693541924,-0.16687441659461688,0.1579358630598453,0.011013539389475024,-0.025694657206328575,-0.12677582549216504
2008-11-30,0.0024032462978766933,-0.0036462594775460433,-0.012916292331203616,-0.04256009839834973,-0.28068112679065216,0.005411787397331835,-0.11384726134120393,-0.08609289525981811,-0.09640060501185121
2008-12-31,0.004053825965844471,0.005043819712922781,-0.020994941782397247,-0.014352470260467376,-0.10728038931218176,0.022943472882483995,0.03710587575606783,-0.005995359094106423,0.038219822690067407
2009-01-31,0.03482510365682612,0.015452741219234234,0.042067049284008284,0.08236073994377735,-0.2009642884871239,-0.05718527948844554,0.03311083157294781,-0.11070007703376472,-0.08825783862583503
2009-02-28,0.038524831053153186,0.013944868479197847,0.05076568948316584,-0.02299442836012533,-0.21119334598499795,-0.04568882541748176,-0.05416892512281679,-0.12379703149304722,-0.07894504460270502
2009-03-31,-0.010365318926076728,0.00853496774578133,-0.009475061407198226,0.009640028338231854,0.19645213902674863,0.005224593845915448,0.013945703536602183,0.0567084829096578,0.12382112846167526
2009-04-30,0.000966780927267985,0.00023144084306636614,0.015580521757501353,0.07563280865907784,0.29347335202050884,0.004847233356385594,0.11643765568254882,0.10760687211423692,0.16161151082657543
2009-05-31,-0.03029495304677421,0.0015391071637169684,-0.019379732369287694,0.16112570234446255,0.1265617097828149,0.0005736901294408625,0.03109717193679362,0.0536285166381929,0.13116952732907783
2009-06-30,0.012463233436450949,0.003501459418593811,0.014633986592541781,-0.0005200696965794727,-0.04830819493691474,-0.043783281540184404,-0.02045012693578452,-0.052019433307652574,-0.06055157852410875
2009-07-31,0.008338156952337528,-0.00042240062618625895,0.008726527333456024,0.042631178264576075,0.13230640113965175,0.03443807894693984,0.0736197669157106,0.0977431112320335,0.12582616737912455
2009-08-31,0.004556813598100007,0.0022446174230794647,0.005573940035266567,-0.013868702110606757,0.07949041492631981,0.04393871819962136,0.045049541598628284,0.0682413821121064,0.022246678031576206
2009-09-30,0.00400435957848333,0.004245796558930426,0.019861874403824142,0.0664862301624134,0.08950531624743197,0.018117193927453146,0.05358168591719159,0.03654612583020578,0.08729558161232709
2009-10-31,-0.008068228782338482,-0.005432066731272278,0.007892859980109135,-0.02306183591856026,-0.10935685541200935,-0.035568294483722895,-0.02285096056999758,-0.057156311695416906,-0.038890634085067655
2009-11-30,-0.012278634861803361,-0.0025292813425165095,-0.021213296018435357,-0.02067287029014664,-0.04566801327389203,-0.042454192585754225,-0.05682423759039712,-0.028074974471138492,-0.026123017057270825
2009-12-31,0.006618641415995663,0.003969353047930557,0.011434730788919323,0.10409495786218903,0.04418516932991445,-0.013989507617189978,0.05817512699188199,0.04295967155954927,0.0650248177621251
2010-01-31,0.004445647195779667,0.003829345684692731,0.009694642349613813,0.06735584082056856,0.06257331759265883,0.04209566222013872,0.05093804775092314,-0.005085098748906947,-0.02007202392368279
2010-02-28,0.009895199363801677,-0.002210239210399312,0.02216427156725498,0.0023309861852465197,0.014329822996287156,-0.002146615368352922,-0.001147942536597446,0.01116731031302809,0.0006186256632128018
2010-03-31,0.001296920413819791,-0.003214983393758142,-0.0007763836135495916,-0.02046458243758209,0.0846675228365954,-0.011534947768402803,0.02721891467380022,0.057675250311238546,0.0764037704081264
2010-04-30,0.0035862598123739264,-0.0010762300292505023,0.010209136335498137,0.025582095459864007,0.015215907135895268,-0.011976064938471032,0.011019926092040944,-0.011996450920538027,-0.00016667231430167462
2010-05-31,0.00803865475329446,-0.003197057794589009,0.016792740902332293,0.0016852419964501486,-0.11837598446681019,0.00233071916218619,-0.01834256527540057,-0.07928890309226766,-0.07131557138181344
2010-06-30,-0.00012857472880256626,-0.003686799697474208,-0.0027950803820924186,0.04147856791014526,-0.04498124570850193,0.04092884463194468,0.037988995350289656,-0.009925185519435331,0.017691120638243074
2010-07-31,0.007253227440441101,-0.00035143128732229023,0.010221403797691542,0.07223002279344093,0.0569036105027263,-0.014143866538380179,-0.012637330049772522,0.030757407129907044,0.03285632001580052
2010-08-31,0.009006230816368088,-0.0024955745363991477,0.013232203088332728,0.03246691201851548,-0.09233303784213254,-0.026210960545350104,-0.03923177720191451,-0.07543507133410743,-0.058229250381504616
2010-09-30,-0.015640658188903922,0.0006429695120848677,-0.019150533173424522,0.058652155132591144,0.08359888919504321,-0.016638531493401887,-0.010237055515011972,0.050405345676349356,0.06758661273793498
2010-10-31,-0.0011100494372728864,-7.913694890515632e-05,-0.004250985613705405,0.021838296238555488,0.07722655845508308,0.022361068960142116,0.03575500646379637,0.047318633039685754,0.038999621881680824
2010-11-30,0.013807079310257597,0.0005972978359993775,0.007042500548341213,0.007170554905782112,-0.028978630994139443,-0.04430580839294529,-0.0180910127677677,-0.027935421855005416,-0.032712971742155816
2010-12-31,0.002010203672889954,0.0016331818417654187,0.003629347112605874,-0.006939715309983496,0.04290291114184841,-0.02784634106342121,-0.022977998066113114,0.030178833536677274,0.028102709652233715
2011-01-31,-0.017093099038070436,0.0017709517370121386,-0.0042396426996026415,-0.052588085487715874,0.04127180823512533,0.033602736343294026,0.05450710914328072,0.05505512941072288,0.0037527692860439554
2011-02-28,0.01151483075313231,0.00040725385341100484,0.010505988612752537,-0.05110363878165125,0.05121589938003024,-0.012018412262788658,-0.00493142336023078,0.016588381007269115,-0.02696082525678345
2011-03-31,0.008333674608728137,0.0007764989554659429,0.010582652876176546,0.038002253355079674,-0.029940225029804535,0.0058172471653281654,0.004343288845908511,-0.008770209149964847,0.05996199198804497
2011-04-30,0.00550798578186229,-0.0026375729136075554,0.005080205215949318,0.03642018475273856,0.0008702034888625754,-0.011964548643600303,-0.02681569494057856,-0.0009560264435666266,-0.011942232569489342
2011-05-31,0.00039864897827079915,-0.00033684842343839616,-0.00032917428204914945,0.0007312846138001206,-0.040305549406631,0.004996650745501041,0.010690010964208296,-0.015079521640724569,-0.020595254104275207
2011-06-30,-0.0028079138719911967,0.0007007419051507924,-0.004466022998179886,-0.014465785334892955,-0.041284848261495144,0.002392560904109109,-0.008118865075197323,-0.014212709795167977,-0.013774279255630573
2011-07-31,0.005654661516193427,0.0020731363047039597,6.633293583946376e-05,-0.07942507350662242,-0.07581297327873382,-0.00329199201476571,-0.012128265337457589,-0.041156772805900355,-0.027787070045821927
2011-08-31,0.03406549070682097,0.003428802091569816,0.013041390385459595,-0.03234412919964147,-0.1068541772929239,0.0179522093771598,-0.03506511714296012,-0.06565339032297934,-0.08465886055459526
2011-09-30,0.00559683001044986,0.0027120249949119657,0.01143161665719683,-0.09475034198083776,-0.037410032427836026,0.09887169046964361,0.0880938877951909,0.027708994019766786,-0.03913496517870185
2011-10-31,-0.02433707220859238,0.0004542912441003466,-0.022334773557092014,0.10821103468377302,0.08875575914376643,-0.04144007270972849,0.002655554336326249,0.0438160582153897,0.07126741420749494
2011-11-30,0.008055313120986174,-0.0004132910763903208,0.0008366526889018733,-0.0430905322744386,0.012446643052200557,0.040641555292375786,0.03629206174106647,0.033265436369433354,-0.011460673623130524
2011-12-31,0.0115041683307886,0.001248951264247955,0.0039613520646120115,0.00027320904946459557,-0.042747097123048805,-0.006411509411238359,0.013148427707247334,-0.013615099291574007,-0.024961355645590322
2012-01-31,0.011780442598953167,-0.0007444887254615118,0.012052197136411369,0.014719491693959696,0.019904832321620214,-0.04859613180102074,-0.0358435272908364,-0.017299539504334716,0.04187820873750869
2012-02-29,-0.010366726487155531,0.001580368201738791,0.0015222033777753108,0.06192550252475515,0.015782534998600717,-0.02864064331520222,-0.004897831591148316,0.01950239961675071,0.03024566174647636
2012-03-31,-0.006675194815134122,0.0013414519083077003,-0.0035025460535900166,0.026682132976131756,0.03592671854723384,0.013419879713463478,0.01934696412782122,0.0338936409943309,-0.01330208111762865
2012-04-30,0.00851057336066341,0.001863521043133698,0.005174779233173554,-0.020812812042672157,-0.030002149522497024,0.0030119234266159367,0.0016909116088779097,-0.019943224528303216,-0.020535257413634267
2012-05-31,0.01713451289791168,0.0032296593792280337,0.007080181762549875,-0.05958836440662252,-0.027961922643125692,0.055694034362032685,0.05271772282512388,-0.02543275825223512,-0.052972054588818596
2012-06-30,-0.0034068344791489125,0.004150238422949704,-0.0007652270855795784,0.018680258990407816,0.05253940584871719,-0.011024761399864969,0.0050509842936659055,0.034424414372357326,0.022256355192003863
2012-07-31,0.0027390405776099858,0.006595592912686854,-0.003061231055781266,-0.037161741244318036,-0.03654016026616502,-0.038250805701823154,-0.03115996484651906,-0.03702691966447358,-0.030702175887217575
2012-08-31,0.011452778911987371,0.005101575092404387,0.014341195953359032,-0.016145187479224554,0.023052710593685743,0.003568502820141317,0.00662446497445468,0.020201362397100908,-0.008336585165318544
2012-09-30,-0.00040982108534159956,0.0029581390869559687,0.0029577115738605997,0.016562433556727152,0.013748137667649152,-0.005403890780803833,-0.0037076076030555516,0.009612516502500945,0.041909548128170826
2012-10-31,-0.004506644384073222,-0.001759803869495924,0.0020803435271601334,0.0022052443672462285,0.021768943667205498,0.00855580472244144,0.018843565361053694,0.0031492949247939883,0.003841644276805667
2012-11-30,-0.0014441344248380394,-0.00222042594564964,-0.00033827390627449994,-0.0359055093631222,-0.00680434682233344,-0.007120887909879192,0.0009302362781247187,0.00569842829570999,0.0055914441046560626
2012-12-31,0.0034728178013760935,0.00636672142823036,0.003434123332552552,0.04081635790746563,0.04229676158339224,-0.004214103862908103,0.014816619984579615,0.017865298886810876,0.047926272977686146
2013-01-31,-0.0058231976903145855,0.005769112323182446,-0.002278930238660992,0.05989908770319263,0.06952478822323949,-0.024769030284838234,-0.002624036494005,0.03431650185323454,-0.0022477538475023096
2013-02-28,0.007164262199967908,0.0027128953425825664,0.009993938343380027,-2.5368531589742283e-05,0.041251531803787156,-0.0072900926112932085,0.0072964155788104446,0.003860656767455062,-0.010385157505576226
2013-03-31,0.002004943855762331,0.0029139572254279766,0.0033703960362636565,-0.029024822675413953,0.004586078806860794,-0.0036344809090606,0.009071908343741164,0.022299934480882078,-0.01830287549071319
2013-04-30,0.011198177787511643,0.0010326723506974833,0.008149383006776034,-0.034569516241188425,0.04047602885269019,0.007582127475405542,0.011736901115914966,0.025053501586932425,0.0012487524717492704
2013-05-31,0.004167323393141853,0.00655814488997164,0.0033978321465393257,-0.021196371132413017,0.03431411005587659,0.03134910393830803,0.05679038364175071,0.0633522519917098,0.03568036499869631
2013-06-30,0.006751490978142316,0.005574074436600407,0.006622505311398852,-0.03715389933281954,0.0038897357863210136,0.003951355723252226,-0.010667146479521938,-0.009056738316040036,-0.04869771599593353
2013-07-31,0.005811389093085095,5.125682450901614e-05,0.001605971055806954,-0.07765939475196193,0.06746883331083109,0.020855842048384643,0.027302003056626667,0.061267021288257784,0.01872323000101539
2013-08-31,0.003599191257707801,0.00048511281599350475,0.0006552330353950531,-0.031560187813927,-0.03310203400753775,-0.015350896050568608,-0.01617591661074158,-0.031227659620192028,-0.02716095118262285
2013-09-30,0.0009032645463746825,0.0017638623161235767,0.0018161094217319373,0.051383228751254784,0.07579525059341297,0.007131699782007228,-0.0033553958938694617,0.03619909671601973,0.0510184312739943
2013-10-31,0.008966595499082297,0.00012381483086043588,0.006448386516489268,0.018941251738600506,0.01103602300396811,0.010277427468975642,0.025511984478489902,0.03960743059779204,0.049051820381759814
2013-11-30,-0.00030626401616717924,0.0015556704771417795,0.0026751280104877484,-0.033612555696716506,0.07925584780917871,0.038890077854310645,0.05278293539281398,0.06607957648865304,0.03214792208322903
2013-12-31,-0.0011018362492494216,0.0005896466151229518,0.0013901502836926038,-0.026771996413268107,0.012319858024646635,-0.015484092629809543,-0.004227031307591833,0.01138682577638872,-0.02388974848926284
2014-01-31,0.017541262815005565,-0.001680632837562368,0.013347239799364141,-0.07523729499690113,0.02868839316308569,0.056442594053441875,0.05272343691741255,0.006669890072783513,-0.022493249794032222
2014-02-28,-0.004074381239253522,0.0002482653627531306,-0.0006511319923859782,0.07791648888179958,0.046328900709974974,0.016081549628857328,0.022311442256566005,0.052204809673959574,0.035234538242415514
2014-03-31,0.006748591059859033,-0.0006414501601607059,0.010559523861352949,0.010254854660997514,-0.03402277581834712,-0.021307198194478016,-0.018328446707339907,-0.019224645900175252,0.009420848079982669
2014-04-30,0.0074414622162863875,-0.003970295894593967,0.008500838059580795,0.02902602413315214,-0.0028022472208129034,0.03245525620075962,0.027368140263907215,0.03136302286720816,0.024313866775901527
2014-05-31,-0.00018837551999040247,-0.0035709135893977617,0.011696404248226377,-0.008095148045585865,-0.011718943892894518,-0.02224035291632065,-0.01905165280791077,-0.008872951448112842,0.005929554871789922
2014-06-30,0.005189985248121642,-0.0005020527302500577,0.00669420829850953,-0.01099168694717767,0.03207422585551045,0.0037861091411537373,0.0048568757042457555,0.014361270954277527,0.023012934530301843
2014-07-31,0.011388631411587413,0.0018211743231024702,0.009788489720560234,-0.0016813691034796019,-0.006528941931054577,0.023534006147398312,0.01907115811548654,0.016360143782057968,0.05281360501559251
2014-08-31,0.03214903248327694,0.0014215227034064526,0.020604325443408733,0.029513677191623566,0.04984725128530498,0.03026342985767183,0.040883184326658606,0.047223779077967265,0.047735480882793224
2014-09-30,-0.017987569648396984,0.00014926129224490658,-0.013409242891366802,-0.015919018292275156,-0.03967008156797036,-0.012027190738318816,-0.004941058731837589,-0.01124988580381725,-0.05899728817931815
2014-10-31,0.010633879325683715,-0.0037813961118348116,0.0021284472928340126,-0.029857682886636594,-0.03204064403593321,-0.040039393509278765,-0.028759574316560066,-0.03396343257169243,-0.02885675171520352
2014-11-30,-0.002967315725976305,-0.006644547690815128,0.002180193224567084,0.026991437521123984,0.0789114338112844,0.0387024226041528,0.03491399653581806,0.0634010642763223,0.031483389197081824
2014-12-31,0.007008464354306909,-0.0003731705469526281,0.0016885401222688223,-0.0381528087020927,-0.0216808364818174,-0.01277552132223747,-0.020320839117692335,-0.02196039557455365,-0.051744747992020335
2015-01-31,0.011290275800037275,0.005278730447213942,0.012503468347217161,-0.0008572504930122182,0.04808197288417526,0.04800267292270033,0.05659157418644911,0.030643376685447254,0.05595535478705682
2015-02-28,0.0048856617381316525,0.002785691949557023,0.00988185188178714,0.038815509604906095,0.027610500414249506,-0.034365551576814535,-0.003017300877022011,0.030554542072244173,0.0036609230933577486
2015-03-31,-0.0033167121825262713,-0.00038482462564526365,0.005654115986225339,-0.019864957308933118,0.0018225046125517341,-0.0005463585861513742,0.0036550808500717125,-0.006616198475850044,-0.005170282316859343
2015-04-30,-0.006627981293832685,-0.002730823100297597,-0.008152077320771167,0.026801841444889618,0.003779806753935633,-0.016280086191294285,-0.014882655065344474,-0.0038038518690484135,0.048235759060587524
2015-05-31,-0.007632052025470348,-0.003143761127617384,-0.0012531673302360602,-0.0054911654143632305,0.012557808475918142,-0.014141609020639545,0.006849283682975882,0.007263467912089094,-0.036393174161498676
2015-06-30,-0.004906470398819529,-0.0004990198180025995,0.0020773171618939656,-0.03972691532129935,0.004804086013850295,0.026552991533656645,0.01572264999092532,0.007094310059781339,0.004290370452274317
2015-07-31,0.010729471037102867,-0.0014955944488667106,0.009423306768460371,-0.010966221642642715,0.062224760041950766,0.04889983678379073,0.04045932228491145,0.0653406718604046,-0.025991548923151697
2015-08-31,0.007730650383577009,-0.0016315271049567315,0.006149185296217663,-0.012026154782862397,-0.0331746822895469,0.027000336854211993,0.007938692382269963,-0.04207551865444126,-0.06697521126176553
2015-09-30,-0.006935194968480496,-0.003343328259329703,-0.005133834261834669,-0.04615063214640969,-0.05969807664236182,0.0051492922357543325,-0.025973169281613084,-0.03683391465187269,-0.030030888847152215
2015-10-31,-0.00505016584438589,-0.0029353273223704512,-0.002963501143906755,0.03291896683993567,0.049291645280993945,-0.010099826815192392,0.014970135622329739,0.06609250220278229,0.058276391598599986
2015-11-30,-0.0038569605763526527,-0.0014987234627489299,-0.003847380291463587,-0.04915493209225519,0.03697754182963853,0.0067642650244397196,0.0009603959185888744,0.01861936601533465,-0.016219603466880228
2015-12-31,-0.003026102541445419,0.001730686062390463,-0.0032892773712905887,0.005609527102197198,-0.04974442648493904,-0.0004212635930129771,-0.030748513853913417,-0.023183412223352073,-0.027870907989266835
2016-01-31,0.01305338178573301,0.0029994499942442854,0.010883913898542596,0.0069860143850486445,-0.07207699583502014,0.014238005398414577,-0.010637418547323918,-0.05463064433936071,-0.05970688895197884
2016-02-29,0.011029882500177779,-0.0006125104740581921,0.010768460472651897,-0.0007662554503568009,-0.022490395420373344,-0.0038592477969171535,-0.019987395075304226,-0.032809894118256966,-0.02715297460388333
2016-03-31,0.004081612996030826,-0.0005500845799508713,0.004005884973964591,0.05576441648868502,0.054688120536802165,-0.018163805318181514,-0.0015067660325831511,0.020875429232716236,0.08250674227553834
2016-04-30,-0.004354781073508174,-0.0008533569494492133,0.0012549849506302557,0.012683985377765605,-0.0033953322026469834,-0.0014874359947876226,0.023984125574077586,0.0009981797175615537,-0.009238313578814328
2016-05-31,-0.004858682983862939,-0.00021874236882524212,0.003866860518191517,-0.020093634982642827,0.05375615959701818,0.029483203932602287,0.049925128745154534,0.04934234667503645,0.004556408655455257
2016-06-30,0.0029461707110678415,0.0005698852934115095,0.005880261692268185,0.013253178466686943,-0.07664679583823797,-0.014951483715544334,-0.03409317321267791,-0.05362553948677884,-0.004648225574541809
2016-07-31,0.004027083967006906,-0.000402318503230803,0.00834246482150136,0.02689014549806279,0.05392899421335828,-0.007389828889639016,0.011819787416107674,0.026806502462810577,0.0347615438645954
2016-08-31,0.014339728201542057,0.000356820951508352,0.01757810745661592,-0.0021350745895422074,0.05412428568689753,0.029352400911291765,0.05601833826681313,0.035236296101192055,0.06008265547196956
2016-09-30,0.007410852828707126,0.0022980584354905798,0.015686979315147287,-0.025819390643365914,-0.02675490348264442,-0.028551095597686982,-0.027432611835552678,-0.02873855592287211,-0.02144691281368616
2016-10-31,-0.0062172573979061285,0.0013195038464368647,-0.004858670959317912,0.06685805363512198,-0.024823349316344778,-0.03820140794826743,-0.0069265443468242704,-0.029889665697832246,-0.008385965367597059
2016-11-30,-0.01970729431385576,0.0012649545624043856,-0.02209578878987506,-0.021179971438138656,0.06901058381292069,-0.00776517541766264,0.028386706710376686,0.0481468469955153,-0.014275038370858306
2016-12-31,0.019679529857519196,0.0015241787328015288,0.020019635352648946,-0.014564879818977583,0.014333956679787985,-0.011071288982540395,0.01182909700239776,0.017265698264882667,-0.004312885243515696
2017-01-31,0.0072375386803531505,0.00425837750919178,0.01162884125024588,0.012733154302143834,0.0031873094939687263,-0.022965832473278214,-0.019828055154380686,-0.01054003453125274,0.019012248711610003
2017-02-28,0.00405318753415429,-0.0003139008991545067,0.012939544088514499,0.03528403026248661,0.028302074375089914,0.006774215367113978,0.016620975301286478,0.02983854845321776,0.032712958499484746
2017-03-31,0.0031268598335181252,-0.0002561660167514912,0.0024141283164254013,0.09383544607898431,0.0270437845707312,0.01366903515045137,0.00985836485312519,0.022894543722270067,0.03766337247634244
2017-04-30,0.004873718380300263,-0.0010869465730537486,0.005876869326199685,-0.0009290034702230665,0.05414172001343687,0.018779243853722427,0.019056750375479492,0.02234066451344008,0.029478079008563363
2017-05-31,-0.0038172130263681714,-7.167888553272217e-05,-0.0006046256845052556,0.009996976690182624,0.019180750564037785,0.020713592320791063,0.013896720607626367,0.026422704381887874,0.03487608193516256
2017-06-30,-0.009129072338172728,0.0007895394857269089,-0.002942440152821635,-0.02359731708011248,0.0055049660595920535,-0.015210953330694776,-0.013013284796959068,-0.010553735096976768,-0.004422401097612827
2017-07-31,-0.002299303708286793,0.004735807560987126,6.448554740434709e-05,0.06957574794077148,0.012472854818112555,0.00020706611703924516,-0.005436528692296161,0.007210267105760337,0.04230355425486332
2017-08-31,-0.005170827750621831,0.0018500638476155462,0.0037431240145964217,0.01721915862155221,-0.05371667512498668,-0.02842332784471635,-0.03832902280362982,-0.03659939363586329,-0.01649378137406121
2017-09-30,-0.00288544499400889,5.947252944760173e-05,-0.004509043828356152,0.034584885615572825,0.06059037765007891,0.00842776719003413,0.026729956779868447,0.04043318044787192,0.013547060540184397
2017-10-31,-0.005884983136001942,0.0029501816031531902,-0.008360177375378086,0.04694044929580077,-0.007833892919012042,-0.008737739745178774,-0.0007690307608505531,0.013831572451600938,0.029908974020649737
2017-11-30,-0.010714824442923487,-0.0015151557851640352,-0.0030922316999278943,-0.10785438099766176,0.02024007122191196,0.028714685141311147,0.014816368323481877,0.039460839055388996,0.019457333492425066
2017-12-31,0.008440860954305629,-0.0005145990809005685,0.012149203538434739,0.10938229633020846,-0.035062444674714865,-0.05040944602581354,-0.050826062493068425,-0.04089070460064981,-0.019718566253555614
2018-01-31,-0.0016588097243029898,0.001442140260531799,0.005527847144924047,0.05120405131241079,0.02515019319732925,-0.012484322828875904,-0.018263469216839634,0.02741298118994706,0.057223696665039014
2018-02-28,0.000763891540648709,-0.0017048517692423992,0.0045962821652549835,-0.04664120611389766,-0.07173035532076233,-0.023875180651166894,-0.023505513459093685,-0.05593655956567256,-0.060558120093600065
2018-03-31,0.008226807974713202,0.0003559332550255867,0.006644354189953017,-0.012402015482040896,-0.007580616241733562,0.025359034568581018,0.008431013638149576,-0.007553641995093785,-0.004303395486963346
2018-04-30,0.004721188074283678,0.0008246499343569358,0.00237758810775901,0.028995384433849747,0.03078190038075168,-0.0015117620895909178,0.021344628245430375,0.02640194442547994,0.010251527412221684
2018-05-31,-0.002203685213429951,-0.000590161649015597,0.0038430061466232512,-0.0473927564040153,0.036493842016536604,0.019308932414074054,0.026814772205098203,0.033536132344555325,-0.009294096274791386
2018-06-30,0.0018800178144755542,-0.0009604360213610885,0.002513505673451766,-0.031079857463478744,0.03514320522428038,0.027690803763803062,0.036425072301269346,0.03178813696722971,-0.010608346909555477
2018-07-31,0.0037419949328370006,0.0005889538159260521,0.006222934407683844,0.023477053716708607,0.01957117635823513,-0.03021950846020116,-0.017998973761989112,0.001742457794437824,-0.007257902730226196
2018-08-31,0.008408815361115707,-0.0010544421458513753,0.0058077430622061055,-0.03320206917967139,0.06535892839191382,0.07015511055212809,0.07692264708966645,0.08226080114471879,0.04012672382755844
2018-09-30,-0.0020688168905552695,-0.0005760321084354869,-0.0023048817186551718,-7.701213291533282e-05,-0.028448333908911327,-0.04865041074823395,-0.035037238618622735,-0.035034897885380833,-0.04546984243036267
2018-10-31,0.0006829424658745253,-0.0004182024738045298,-0.0042466741662792185,-0.036545686699170576,-0.03254717647197647,0.045875753726312585,0.0407840350648927,-0.019973028642603752,-0.03441653890601182
2018-11-30,0.008697772463429176,-0.0014789795099477976,0.004003457799061971,-0.0021837293692299475,-0.04548298846011012,-0.03510324888499161,-0.04638574153649999,-0.027184356489677097,0.0015287231650478184
2018-12-31,0.011502754864918252,0.0009413143483305575,0.008287794026704542,-0.002457029906338226,-0.0634699119162887,0.05089034876573928,0.00800765875727727,-0.048259526308144896,0.002776156046890632
2019-01-31,0.007900792082299102,0.0032345606638006785,0.0092470665582991,0.059548436472986355,0.05293614956046855,-0.0413984299724518,-0.013091867100283872,0.017692031712527534,0.02690013805701863
2019-02-28,0.003851805182914836,0.001835679494529563,0.004621291376435188,-0.02222121984032066,0.03930230762605569,-0.005867966892970644,0.016516504786729724,0.029953841886333654,0.0021348244779253456
2019-03-31,0.02112906190917241,0.002065899773505242,0.019976031060379373,-0.005639757612011631,0.04329052287606383,0.050957432142000325,0.04772402871558756,0.0515958012292681,0.04667327640055885
2019-04-30,0.00368300570818314,-0.0008506066680638025,0.006110845194169379,-0.0171860378651153,0.05370052976668105,-0.010821267828795,0.0062234742069009474,0.02729616839425142,0.013003898727853347
2019-05-31,0.02482943809403282,-0.0010633623374971535,0.017753900108197662,-0.04395625218541854,0.006793090283661263,0.06010955888907321,0.033512729333107893,-0.01440615166602599,-0.02995086860543461
2019-06-30,0.022689901404800095,-0.0027723944418940327,0.016633538353031607,0.013673098644077841,0.024466619515419508,-0.028283129420525244,-0.027692246358397066,0.01328194248924941,0.009971617988249637
2019-07-31,0.038027884714980864,0.0004868173398702158,0.02831549188211402,-0.02115584290417738,0.03817212552756666,0.02238995972411395,0.03101670002669432,0.030317203908458712,0.012701927155528203
2019-08-31,0.022729427410392633,0.0005886161641408538,0.02238090084600408,-0.03515367535138436,0.03348315298402449,0.05484481200961078,0.037960545864919704,0.012675898105485306,-0.016583047502517823
2019-09-30,-0.007986769505073488,-9.703678545214256e-05,-0.0027454725225598553,0.05092626681956758,0.03723486382802488,-0.002943674925974027,0.010971267731101575,0.02873863670959209,0.02653079580949691
2019-10-31,-0.0401538122760986,0.0009874803171083801,-0.03673866540820703,-0.06280899751074587,0.03736665457076338,0.022754064915482264,0.01879221459912639,0.04184279956820114,0.058830137767649004
2019-11-30,-0.018315811039109287,-0.003843573690261448,-0.04607778945273289,-0.04860237720659066,0.1294560016183408,0.08014939767335871,0.09195890475078006,0.11871466113710283,0.08690350811148129
2019-12-31,0.027488470246127106,-0.00187018323579069,0.030908057268754563,0.025689244389997645,-0.04557772903559432,-0.0699300079186782,-0.05683724579512617,-0.047620561163866926,-0.006336205807815798
2020-01-31,-0.0040856804420291715,0.0005229692470711811,0.011402243208054053,-0.02191879871476632,0.09063791417215272,0.07735048255992938,0.0640542728804423,0.0572967558160522,0.014183848888969841
2020-02-29,-0.02387981548411866,-0.003181126167138615,-0.03294971176098549,-0.10227241581707591,-0.08308465248887997,0.027695004674046952,0.006433053124707211,-0.06545687511371978,-0.03300291628179974
2020-03-31,0.00351858746781053,-0.002707431204666322,-0.0344432907101303,-0.15801947535822147,-0.2592849519664001,0.013764960381435598,-0.0818333063478921,-0.10023893274558682,-0.12271985825833587
2020-04-30,0.05146537449937871,-0.0028942591816971674,0.04731577629325101,0.13681457048793133,0.11305093886764084,-0.006939646844113634,0.01781951619149691,0.08033579550003278,0.06312457338501631
2020-05-31,0.042298494995719915,-0.0006315093830805418,0.04422729539790038,-0.08377896766204618,0.04375888381229953,-0.0312823491184665,0.006973500183808712,0.011079073297622033,-0.028104001234264264
2020-06-30,-0.005152071632676725,0.0008935378876315792,0.00789734081774962,0.08613692273131224,0.050178992140578194,0.027852018370686293,0.028775593345214512,0.04574901866661474,0.09369173733719194
2020-07-31,-0.005543690677160651,0.0012267482451953082,-0.0008999543739670601,0.015690973541264253,-0.05102196272433812,-0.0468713220318957,-0.033029295320660124,-0.03214064669667405,0.00620934896881975
2020-08-31,0.014713641166216096,-0.00025998424296092004,0.02534799087087114,-0.062609546524663,0.06682381296379147,0.022924050713887256,0.03422615491212433,0.09293632061927082,0.0471328416505461
2020-09-30,-0.035383703466921546,-0.0008022764416122374,-0.028522364285061497,-0.03542420536474611,-0.02966010391938989,0.005260677259925295,-0.0014893771254002042,-0.025916249055594198,-0.007292937540961164
2020-10-31,0.004063324057197226,-0.004359879032307168,0.008435278913990096,-0.031186084730988828,-0.056146035900019764,-0.016871216744591244,-0.012824493043653296,-0.04793932438936499,0.002425448667942698
2020-11-30,-0.015318653131611515,-0.006406447953670069,0.000581302232751657,0.13173779950557152,0.18189024007233612,0.0029424957119223993,0.024000548238894304,0.11098024856366462,0.07613531948284447
2020-12-31,0.014021876346396178,-0.001205977111424783,0.010253882368301381,0.03436244300866953,-0.013643388153746883,-0.06125696939389169,-0.0562621110326158,-0.034427415135759976,-0.005603925316239211
2021-01-31,0.005798610286429584,-0.0016867979402725997,0.01999921110094105,0.024792816444765275,0.017515272966742934,0.01817607276277733,0.030619011569136045,0.017013672213234576,0.05871612715106678
2021-02-28,-0.03627447611008994,-0.005423956237176175,-0.01173634889943953,0.06043085828954364,0.052354660254585905,-0.03220376839624939,-0.011634582693392348,0.009980247113230423,-0.007721398978458804
2021-03-31,-0.02933128341369029,-0.0035122294126004316,-0.026288020916514165,0.0670895772884208,0.03592556401854541,-0.03136059318479256,-0.010885094688456998,0.02049908049781446,-0.02727869143863726
2021-04-30,-0.027963727560181284,-0.003210704608799797,-0.029076129254568706,-0.08989588388723757,0.08067899327706063,-0.0029754093151659333,-0.004719794774592945,0.03040913932981182,0.009100952516524874
2021-05-31,-0.006612449190499414,-0.0037915431498114494,-0.0072530392320078185,-0.029944131272016783,0.04307307972219854,0.022073525760924584,0.015558865829832014,0.027150361300118053,0.03604528649524652
2021-06-30,-0.03979895413726964,-0.0030810911454302037,-0.03749822048434637,-0.008993309979714814,0.01697886746193089,0.004645846154903266,0.02716418457918679,0.02869526214972762,0.01533513747209403
2021-07-31,0.004252130833995116,-0.001323981803378338,-0.012116530578328066,-0.019883390094660336,0.09413969487062479,0.04559855819330094,0.03579572738170289,0.050348050402956535,-0.03757929634747326
2021-08-31,-0.00714267031500837,-0.0052803624317696585,0.006689538700332509,0.050071553145821124,0.033168050682310435,0.009698274665898232,0.019122181176531416,0.03914931792528198,0.04045538905123758
2021-09-30,-0.03843542950425016,-0.004160365099534324,-0.03295241770333046,-0.03366437806366207,0.00442876546898896,0.02255674438364741,0.04094464095602923,-0.002169829308924953,-0.0003170769362377257
2021-10-31,-0.018935491320700937,-0.008284494342465143,-0.032918337246170215,-0.0709998877017568,0.09559778860906243,-0.00659522219059816,-0.0058954999671554376,0.052215007690788795,0.00563327385625656
2021-11-30,0.01554896648566384,-0.009984932112363842,0.01960159433932085,0.06974915597390896,-0.03285862576029952,0.002516900917593823,-0.004321145964152451,-0.01657470060118149,-0.03551618799382705
2021-12-31,0.003218540608881826,-0.004788388619902939,0.0035731596905637097,-0.035228237678221364,0.05072813284766786,0.018420755870698358,0.03896139539849197,0.06343291053267008,0.03897876646939569
2022-01-31,-0.003217457009577651,-0.0036484405028789357,-0.0012063487433610076,0.04824968671286167,-0.12240549792112565,-0.08607729465683545,-0.09246706101134994,-0.11632407784255006,-0.084617723931535
2022-02-28,0.004134545746258933,-0.006211125804664097,0.01291605333642809,-0.01339553335426158,-0.05286162355031654,-0.02460814055049254,-0.02301001390656221,-0.037841060462853626,-0.04238071590528203
2022-03-31,-0.004296749700468894,-0.000840271016974814,0.006940482189722763,0.0822945971101463,-0.01846171496442872,-0.05133633688348216,-0.03275887848849157,0.005312771220773227,-0.04363842085591896
2022-04-30,-0.00988695436838527,-0.009080762944189691,0.014999557599589819,-0.045611470286011646,-0.04486726715401779,0.009041407192550643,0.029570382851252575,-0.02115388226686432,0.008145941421130232
2022-05-31,0.004920349693858572,-0.008679085717937296,-4.3959098105172956e-05,0.10247880481012461,-0.03661011270230863,-0.044169427231772196,-0.04443363299501302,-0.04604927616459553,-0.04257383544563886
2022-06-30,-0.0005241674340559221,-0.0052465279435118806,0.00680868118373068,-0.0861657220837897,-0.03881910349349449,0.06530346709342227,0.02651391834885808,0.0052819923132789715,0.02748334183863732
2022-07-31,-0.006659456850695578,-0.0026907547892247585,0.00697414745889402,0.05184611568991637,0.09070850139512099,-0.008488047034607149,0.02818736924167764,0.047955937822090844,-0.031512988435259626
2022-08-31,-0.010285524765786813,-0.003390709165751349,-0.021900033041824085,0.021827188056722013,-0.07494009034366222,-0.05583080269767016,-0.039695116787913265,-0.05813732606790545,-0.012937623911585705
2022-09-30,-0.027909736484833525,-0.004078139465675035,-0.023226607234897778,-0.07167932727959148,-0.09273076992831442,0.012954303590510863,0.025409515838422214,-0.031445696510640664,-0.05736466581260624
2022-10-31,0.010709551818590679,-0.001619787138435469,-5.375379391736601e-05,0.005526749443626633,0.05344105362946361,-0.042368616550334304,-0.0106804482998204,0.03350944164626779,-0.06567466036986991
2022-11-30,0.04682453433154721,0.004145434369017709,0.04395539430114925,0.010919335203895209,0.031991471927166115,-0.013794040867107449,-0.03767697191352826,0.007369549340325188,0.08157643719370622
2022-12-31,0.003986880566625439,0.000810124083958419,0.005592421188212793,-0.012406109122596987,-0.11812056848044616,-0.05096089171458884,-0.061957047324009085,-0.09615177001962993,-0.0693325519849618
2023-01-31,-0.011586233696907144,0.004798519762413633,-0.007589107269867612,0.006434090773167034,0.04114067349058814,-0.03709103545649983,-0.03220139052827753,-0.0017314114368127687,0.005918918016065922
2023-02-28,-0.010157932039696504,0.0023438941259650292,-0.01081527065281973,0.0072814522620403554,0.025330205336323797,-0.0036956089926230007,0.017317267691924654,0.005791333068386972,-0.03626019599228569
2023-03-31,0.029485445878974836,0.007838294313762262,0.021479450945806278,-0.01485261193255527,-0.08841873307380366,-0.00960497934185267,-0.02970288608885252,-0.010298003913809306,-0.010885606966142491
2023-04-30,-0.011153563198379679,0.0012249370671053583,-0.013640423850388439,0.009712172142084752,0.029318625306960833,0.011804791629415057,0.01741984779612915,0.02501822147673005,-0.004055888357812676
2023-05-31,-0.002201986356356933,0.004847768252010942,-0.015409626168395585,0.004789389414269651,-0.014386526262569088,-0.022081372576023384,-0.01172247305697538,-0.012541834233259053,-0.019337643044888386
2023-06-30,0.009117174612532919,0.007766723976344814,0.012894681162486155,0.05595975278550114,0.05550858367556244,-0.010624253969243935,0.006008919904382681,0.04929311071230935,0.02702141185404816
2023-07-31,0.004219535603988911,0.010893095054219648,-0.0017401252810610446,0.10623686584677583,0.11219563537879185,0.05391766812514853,0.0611092353874505,0.08183016310308999,0.11182660619854512
2023-08-31,-0.011971028382324111,0.006517798169705102,-0.0055591624186355215,-0.062341323425498474,0.007691111378103077,-1.1994424078509702e-05,0.016666500576156373,-0.01035904971775703,-0.048596463615854346
2023-09-30,-0.02279326923387881,0.005846997532069631,-0.02418063265861381,-0.031077390432032836,0.035628237138511265,0.013596918329588092,0.031748275649334357,-0.00094259866859292,0.016793475426521987
2023-10-31,-0.023542993715055527,0.003153708775917252,-0.02369133362274156,-0.07785829487765517,-0.06941498011761926,-0.0106771243930609,-0.01036971774384976,-0.027762206214461016,-0.037613100606220695
2023-11-30,0.05067738699746438,0.002562968073814398,0.044465633950134587,0.0708339266991056,0.1319510945564244,0.013153866774666456,0.008213885040037505,0.05494262568415187,0.04170686675418045
2023-12-31,0.011251460025139881,0.0009220511911800511,0.020018226436928188,0.05865290561038616,0.08898077296393181,0.04622276352098065,0.04192242638211141,0.053789448928028394,0.0437439224667906
2024-01-31,0.0049094846035464546,0.00911936346376474,0.000353501337672979,-0.03250368596442876,0.06733365656795853,0.04398764450889847,0.05855172605055792,0.07129759137689229,0.009441072802376826
2024-02-29,-0.007745274861666429,0.002446520381447881,-0.0029950237954541326,0.07368034238770305,0.07146620992645292,0.02376201799472555,0.03981868436106195,0.08074969579384939,0.08611389124589852
2024-03-31,0.00012804315418035728,-0.000831417190932493,0.009819210426266434,0.023477604782422556,0.03655557096964723,0.012373781111569171,0.01874486332650438,0.03918528140338884,0.03178003844656119
2024-04-30,-0.013468627964971391,0.0014208819752570268,-0.007884993921074002,-0.024273933561910876,-0.04867220487508006,-0.04849850071295647,-0.03304167658727464,-0.060122484877579985,-0.01949677385250337
2024-05-31,-0.00080115094154809,0.0007284048503115592,0.005601901475259297,0.013747767761572494,-0.009653218261882923,-0.035864952311631115,-0.03788074234690231,-0.005843307801704167,-0.04296250399353385
2024-06-30,-0.013256295874733315,0.001074861293989926,-0.003660061019399974,-0.03642742902797691,0.013665286081169903,0.021777926744904974,0.02994892115293024,0.041074765055908236,0.06055942312846829
2024-07-31,0.02262086432786603,0.004979728500957403,0.02503954904153738,0.003970274320324707,0.07734892467665455,0.028971808360952922,0.020788444419805874,0.018967038202966302,0.004300206405926099
2024-08-31,0.026867704782103763,5.6650703681437875e-05,0.023541621620404074,-0.0016508289928787168,-0.038004510125694724,-0.014609711887503707,-0.021684969731700865,-0.011942795365931902,-0.02184271403946947
2024-09-30,0.03940302191513623,0.0007051173781249531,0.029272649109423066,0.000605282514102079,0.02666700037292946,-0.0004888886739093934,-0.0013120986803254464,0.0007841254329588043,0.048410597117996224
2024-10-31,-0.02575563613510201,0.0027950052660066227,-0.02329928177965146,0.007584402957186764,0.06731698182051127,0.033247221966142826,0.06330250124681025,0.04787482340547711,0.021536604021229033
2024-11-30,0.011940237831966183,-0.0028978962830830124,0.011312779255364891,-0.003246137034233376,0.09333662298762024,0.007904128670540356,0.01603676108801011,0.050572020588093736,-0.03161172286634173
2024-12-31,-0.02876551973576691,0.00021527957175937473,-0.01477690967041212,0.01580481173178727,-0.03351230982443232,-0.004499951850376105,0.012987261635727831,-0.009186947961214775,0.015928436528212186
2025-01-31,0.0014887348449981186,0.0052077325678239195,0.009785753639358852,0.07386335859710447,0.055141428406305426,-0.008304582864800403,-0.000443381695983569,0.02088121077736549,0.0037061065916423885
2025-02-28,-0.0065661678206870855,-0.003086672358106002,-8.298688968788603e-06,0.011463740064924899,-0.06759551230739813,-0.01003536131427285,-0.017439683587836652,-0.031016852699908393,-0.019263858052773752
2025-03-31,0.005271415520177847,-0.00217926502095378,0.00411474217348351,0.036559722025653496,-0.09154942225646856,-0.012890263906249477,-0.028963513217762027,-0.06261207836323601,-0.012725251999398779
2025-04-30,0.0062248191565763555,-0.0005772267676964482,0.007189487285486074,0.046445311902860054,-0.010447521870910914,0.021724141889166937,-0.007645957603783393,0.001376369953064449,0.005599964132712243
2025-05-31,-0.006146572356606872,0.00127146681840129,-0.0034801988262008754,-0.0021200958134193204,0.034008917954069684,-0.009301182270292863,0.010929815370796625,0.05308072813339049,0.036646124874992525
2025-06-30,0.002848055471889266,0.0022252767874109125,0.001146876428740562,0.022834002564505296,0.028602389237770476,0.0018159374761499425,0.0012676176757282498,0.02561244530819584,0.04230086244442144
2025-07-31,0.008735097627480481,0.006581971067831649,0.009881026709453788,-0.005222224118777263,0.09212870680938323,0.030759730743390223,0.05106278501804984,0.05981438166684638,0.06673744424912798
2025-08-31,0.0010174471137340824,-0.0014458377820344426,0.0044936001207915854,0.08156458869625416,-0.006587163547283281,0.0033335627433666026,0.0013164290323270933,0.01475516241904451,0.0016425017332646341
2025-09-30,0.006841275417700077,0.0015208060639853027,0.009315006705565843,0.005333202044217167,-0.03678877089946475,-0.0006303100198501443,0.0009839746954194428,0.024800952133158694,0.06390928143948038
2025-10-31,0.0005576822934991732,0.00043311159141179445,-0.0002961721717527066,-0.008961416525837484,0.010601588466383038,0.004208359988535193,0.004069860284144466,0.010178981093278194,0.02373659992163457
